text,intent
mau absen 11-14 februari 2020,absence
mau absen 11 - 14 februari 2020,absence
sick leave besok,absence
aku mau absence besok,absence
change working hours besok,absence
change working hour besok,absence
absen besok,absence
change working hours,absence
sick leave,absence
mau absen tanggal 10-11 januari 2012,absence
mau absen tanggal 10 - 11 januari 2012,absence
mau absen gan 11 januari 2012,absence
tidak hadir besok,absence
ijin besok,absence
izin besok,absence
mau absen gan,absence
saya mau tidak hadir,absence
tidak hadir,absence
ajukan ketidakhadiran,absence
saya mau mengajukan izin,absence
kerja dari rumah 27 desember 2019,absence
mau ijin ya,absence
izin,absence
ijin,absence
mau mengajukan ketidakhadiran,absence
mau absen dong,absence
aku tidak masuk kerja,absence
absen dong hari ini sampai besok,absence
eh ga jadi deh maunya absen,absence
mau absen hari ini sampai besok,absence
saya mau absence,absence
mau absence,absence
saya mau absen,absence
"ga jadi, absen aja deh",absence
mau absen tanggal 1 maret 2010 - 2 maret 2020,absence
tidak masuk kerja dong,absence
saya absen ya tanggal 10 januari 2018 - 15 januari 2018,absence
mau tidak masuk kerja,absence
mau absen dari tanggal 1 agustus 2018 - 2 agustus 2018,absence
ajukan absen,absence
mau absen tanggal 1,absence
aku mau absence,absence
mau absen tanggal 13,absence
mau absen,absence
"eh ga jadi deh, absen aja",absence
Aku mau absen,absence
Siapa saja yang butuh persetujuan saya?,approval
persetujuan,approval
cuti siapa yang perlu diapprove,approval
siapa yang cutinya belum diapprove,approval
tolak pengajuan subordinat,approval
mau nolak pengajuan cuti subordinate,approval
setujui pengajuan overtime subordinate,approval
aku mau setujui pengajuan cuti subordinate,approval
setujui pengajuan bawahan,approval
aku mau setujui pengajuan subordinate,approval
saya mau menyetujui approval,approval
saya mau menolak pengajuan subordinate,approval
tolak pengajuan subordinate,approval
setujui pengajuan subordinate,approval
approval absence dong woy,approval
approval cuti gw,approval
approval cuti saya,approval
mau approve,approval
mau tolak cuti,approval
mau reject cuti,approval
persetujuan pembatalan cuti,approval
tolak leave,approval
reject batal cuti,approval
setujui reimbursement,approval
list approval gw,approval
tampilin data yang harus aku setujui,approval
tolak cuti,approval
leave cancellation approval,approval
setujui,approval
mau setujui reimbursement,approval
mau setujui cuti,approval
approve,approval
reject pembatalan cuti,approval
reject leave,approval
daftar list approval saya,approval
cancel leave approval,approval
mau setujui leave,approval
tolak,approval
mau setujui absen,approval
reject absen,approval
tolak overtime,approval
mau approve reimbursement,approval
reject leave cancellation,approval
mau approve klaim reimburse,approval
reject,approval
reject overtime,approval
mau approve reimburse,approval
list approval,approval
leave approval,approval
absence approval,approval
mau tolak absen,approval
reject lembur,approval
reject cuti,approval
tolong tampilin daftar approval dong,approval
overtime approval,approval
mau approve klaim reimbursement,approval
mau approve overtime,approval
cek sisa cuti,balance
sisa cuti gua,balance
cuti saya tinggal berapa,balance
cuti sisa berapa,balance
sisa cuti saya,balance
sisa cuti sy,balance
cuti saya brp lg y,balance
cuti sy sisa brp lagi,balance
cuti saya brp lg ya,balance
sisa cuti,balance
jumlah cuti,balance
total cuti,balance
saya punya cuti berapa,balance
Saldo klaim reimbursement,balance
lihat saldo cuti,balance
cutiku tinggal brapa,balance
berapa saldo cutiku,balance
saldo cutiku?,balance
cutiku tinggal berapa,balance
berapa cuti saya?,balance
saya mau lihat balance reimbursement medical,balance
mau liat sisa reimburse dong,balance
saya mau lihat balance reimburse,balance
lihat balance,balance
mau lihat saldo reimbursement medical,balance
aku mau lihat leave balance dong,balance
lihat balance cuti,balance
saldo reimbursement medical,balance
mau liat sisa reimbursement medical dong,balance
saldo cuti dong,balance
leave balance,balance
jatah cuti aku sisa berapa ya?,balance
saldo cuti,balance
reimbursement balance,balance
saldo cuti aku berapa?,balance
berapa saldo cuti saya?,balance
mau lihat saldo cuti,balance
reimbursement saldo,balance
berapa saldo cuti gw?,balance
ga jadi deh thanks,cancel
batal,cancel
batal ya,cancel
batal dong,cancel
tidak jadi dong,cancel
gajadi dong,cancel
ga jadi dong,cancel
batalin dong,cancel
gk jd,cancel
g jadi,cancel
gk jadi,cancel
batalin aja,cancel
batal ah,cancel
ga usah,cancel
ga mau,cancel
oh ga jadi deh,cancel
nggak jadi,cancel
gajadi deh,cancel
ga jadi,cancel
"aduh, ga jadi aja deh",cancel
tidak jadi deh,cancel
ga jadi deh thnks,cancel
gak jadi,cancel
gajadi,cancel
nggak jadi deh,cancel
ga jadi deh,cancel
hapus context,cancel
delete context,cancel
tidak jadi,cancel
batal deh,cancel
ga jadi boy,cancel
cancel,cancel
ga jadi aja deh,cancel
kamu bisa apa sih,help
bantu saya dong,help
caranya bagaimana?,help
bagaimana cara pakai chatbot ini?,help
"tolong, saya tidak tahu harus ngapain?",help
bagaimana cara pakai ini?,help
saya bisa ngapain aja?,help
apa ini?,help
bisa apa?,help
bantuan,help
Fitur apa yang saya punya,help
Fitur apa yang bisa kamu lakukan,help
cara pakainya bagaimana ya?,help
tolong,help
fiturnya apa aja ya?,help
help,help
ini bisa ngapain aja ya?,help
apa yang bisa saya lakukan?,help
bantuan,help
bantuin,help
mau lembur gan 11 januari 2013,overtime
mau lembur gan,overtime
saya mau overtime 1 januari 2019 ya,overtime
overtime tanggal 1 maret 2019,overtime
overtime,overtime
"Claudia, aku mau request overtime",overtime
mau overtime dong,overtime
lembur dong,overtime
"ga jadi deh, lembur aja",overtime
lembur tanggal 1 jam 8 malam - jam 10 malam,overtime
mau lembur hari ini jam 1 - jam 3,overtime
Aku mau lembur donk,overtime
Aku mau lembur,overtime
Aku mau lembur besok,overtime
mau lembur,overtime
Aku mau lembur besok jam 8 malam sampai jam 10 malam,overtime
"ga jadi, lembur aja",overtime
mau lembur dong besok jam 3 sampai jam 4,overtime
lembur tanggal 1 ya,overtime
ga jadi deh lembur aja,overtime
Aku mau lembur 19 September jam 8 malam sampai jam 10 malam,overtime
mau ajuin lembur donk,overtime
ajukan overtime,overtime
ajukan lembur,overtime
lembur besok,overtime
eh ga jadi deh jadinya lembur,overtime
lembur hari ini jam 1 - 3,overtime
mau lembur tanggal 1 maret 2018,overtime
Aku mau lembur jam 10 sampai jam 5,overtime
ajukan reimbursement,reimburse
reimbursement,reimburse
reimburse,reimburse
mau reimburse entertainment,reimburse
reimburse untuk medis,reimburse
entry reimbursement,reimburse
Saya mau reimburse,reimburse
Mau reimburse struk saya dong,reimburse
Mau klaim reimbursement,reimburse
reimbursement entry,reimburse
mau reimburse,reimburse
reimbursement travel,reimburse
Bu apa aturannya tentang absensi perusahaan?,ask_absence_attendance_status_policy
aturan absensi,ask_absence_attendance_status_policy
Bagaimana aturan mengenai ketidakhadiran baik cuti/sakit?,ask_absence_attendance_status_policy
bagaimana aturan absen perusahaan,ask_absence_attendance_status_policy
Apa saja detail informasi aturan ketidakhadiran perusahaan?,ask_absence_attendance_status_policy
Mau nanya dong bu mengenai peraturan absensi di GDP Labs itu bagaimana ya ?,ask_absence_attendance_status_policy
Ada aturan khusus apa di kantor tentang kehadiran karyawan?,ask_absence_attendance_status_policy
bolehkah saya tau mengenai kebijakan untuk ketidakhadiran dan absensi di perusahaan?,ask_absence_attendance_status_policy
Boleh tau apa saja yang menjadi aturan absen di kantor?,ask_absence_attendance_status_policy
Boleh saya tahu aturan tentang absensi?,ask_absence_attendance_status_policy
Apa aturan yang berlaku mengenai ketidakhadiran / absensi di perusahaan ini?,ask_absence_attendance_status_policy
Bagaimana ketentuan kehadiran perusahaan ini?,ask_absence_attendance_status_policy
aturan absen dong,ask_absence_attendance_status_policy
bagaimana aturan absen kantor,ask_absence_attendance_status_policy
Apa saja peraturan yang harus diikuti ketika mengajukan ijin,ask_absence_attendance_status_policy
"Maaf, saya mau nanya terkait aturan absensi perusahaan. Itu seperti apa ya?",ask_absence_attendance_status_policy
Aturan absennya gimana?,ask_absence_attendance_status_policy
Bagaimana aturan ketika absen?,ask_absence_attendance_status_policy
"Bu mau tanya, kalau izin sakit itu apakah harus pakai surat dokter?  Mau tanya, kalau tidak hadir saya harus izin ke siapa saja?",ask_absence_attendance_status_policy
Aturan absen apa yah?,ask_absence_attendance_status_policy
bagaimana aturan untuk ketidakhadiran?,ask_absence_attendance_status_policy
tolong berikan syarat absen apa,ask_absence_attendance_status_policy
bagaimana sih aturan absen?,ask_absence_attendance_status_policy
mau tau aturan ketidakhadiran dong,ask_absence_attendance_status_policy
Berapa lama saya bisa absen?,ask_absence_attendance_status_policy
Bagaimana aturan absen yang tersedia?,ask_absence_attendance_status_policy
Aturan absen,ask_absence_attendance_status_policy
Aturan ketidakhadiran,ask_absence_attendance_status_policy
biar bisa dapat bonus harus kerja berapa lama dulu ya?,ask_additional_income_prerequisite
biar bs dapat bonus harus kerja berapa lama dulu ya?,ask_additional_income_prerequisite
syarat untuk dapat THR gimana ya?,ask_additional_income_prerequisite
periode minimum untuk dapat THR berapa?,ask_additional_income_prerequisite
gimana cara dapet bonus?,ask_additional_income_prerequisite
syarat aku dapat bonus?,ask_additional_income_prerequisite
syarat bonus?,ask_additional_income_prerequisite
cara aku dapat penghasilan tambahan?,ask_additional_income_prerequisite
gimana supaya aku dapat additional income?,ask_additional_income_prerequisite
syarat dapet additional income?,ask_additional_income_prerequisite
prasyarat dapat additional income?,ask_additional_income_prerequisite
apa bisa dapet bonus kalau sudah resign?,ask_additional_income_prerequisite_after_terminated
Kalau resign ketentuan bonus nya gimana ya? Masih dapat atau enggak?,ask_additional_income_prerequisite_after_terminated
Apakah tetep mendapatkan bonus ketika ingin resign?,ask_additional_income_prerequisite_after_terminated
Nanti kalau resign dapat bonus ga?,ask_additional_income_prerequisite_after_terminated
"kalau sudah berhenti kerja, aturan dapat bonusnya gimana?",ask_additional_income_prerequisite_after_terminated
kalau setelah berhenti kerja apakah dapat bonus?,ask_additional_income_prerequisite_after_terminated
setelah resign berapa lama ya saya masih bisa dapat bonus?,ask_additional_income_prerequisite_after_terminated
syarat saya dapat bonus setelah resign gimana ya?,ask_additional_income_prerequisite_after_terminated
jika sudah resign syarat saya dapat THR?,ask_additional_income_prerequisite_after_terminated
periode maksimal setelah resign untuk saya bisa dapat THR berapa hari ya?,ask_additional_income_prerequisite_after_terminated
saya masih bisa dapat THR setelah resign berapa lama ya?,ask_additional_income_prerequisite_after_terminated
tunjangan overtime,ask_allowance
mau tau tunjangan overtime,ask_allowance
tunjangan shift,ask_allowance
tunjangan tanggal 14 Februari 2019,ask_allowance
tunjangan 2 Februari 2019,ask_allowance
tunjangan,ask_allowance
mau tau tunjangan shift saya,ask_allowance
berapa tunjangan harian saya hari ini?,ask_allowance
allowance,ask_allowance
shift allowance tanggal 18 November 2018,ask_allowance
shift allowance 19 Desember 2018,ask_allowance
daily allowance hari ini,ask_allowance
daily allowance 21 Januari,ask_allowance
tunjangan lembur,ask_allowance_select_type
tunjangan shift,ask_allowance_select_type
tunjangan harian,ask_allowance_select_type
empat puluh tiga ribu aja,reimbursement_approval_ask_balance
23122322,reimbursement_approval_ask_balance
sejumlah 340 ribu ya,reimbursement_approval_ask_balance
15000 aja,reimbursement_approval_ask_balance
20 juta,reimbursement_approval_ask_balance
ya,overtime_approval_ask_confirmation
tidak,overtime_approval_ask_confirmation
ga,reimbursement_approval_ask_confirmation
tidak,reimbursement_approval_ask_confirmation
ya,reimbursement_approval_ask_confirmation
tidak berbayar,overtime_approval_ask_paid
berbayar,overtime_approval_ask_paid
empat,overtime_approval_ask_parameter
2,overtime_approval_ask_parameter
reject,overtime_approval_ask_parameter
reject semuanya,overtime_approval_ask_parameter
reject semua,overtime_approval_ask_parameter
lihat detail 1,overtime_approval_ask_parameter
next,overtime_approval_ask_parameter
setujui nomor 1,overtime_approval_ask_parameter
approve 2,overtime_approval_ask_parameter
bermasalah,overtime_approval_ask_parameter
setujui semua,overtime_approval_ask_parameter
setujui semuanya,overtime_approval_ask_parameter
detil no 1,overtime_approval_ask_parameter
setujui no 1 aja deh,overtime_approval_ask_parameter
detail no 1,overtime_approval_ask_parameter
approve 1,overtime_approval_ask_parameter
no 1 ya,overtime_approval_ask_parameter
tolak 4 soalnya ga bener isinya,overtime_approval_ask_parameter
approve nomor 1,overtime_approval_ask_parameter
tolak,overtime_approval_ask_parameter
detail 1,overtime_approval_ask_parameter
reject 1,overtime_approval_ask_parameter
setujui,overtime_approval_ask_parameter
approve nomor 1 ya,overtime_approval_ask_parameter
approve no 1,overtime_approval_ask_parameter
prev,overtime_approval_ask_parameter
approve,overtime_approval_ask_parameter
empat,reimbursement_approval_ask_parameter
2,reimbursement_approval_ask_parameter
reject,reimbursement_approval_ask_parameter
reject semuanya,reimbursement_approval_ask_parameter
reject semua,reimbursement_approval_ask_parameter
lihat detail 1,reimbursement_approval_ask_parameter
next,reimbursement_approval_ask_parameter
setujui nomor 1,reimbursement_approval_ask_parameter
approve 2,reimbursement_approval_ask_parameter
bermasalah,reimbursement_approval_ask_parameter
setujui semua,reimbursement_approval_ask_parameter
setujui semuanya,reimbursement_approval_ask_parameter
detil no 1,reimbursement_approval_ask_parameter
setujui no 1 aja deh,reimbursement_approval_ask_parameter
detail no 1,reimbursement_approval_ask_parameter
approve 1,reimbursement_approval_ask_parameter
no 1 ya,reimbursement_approval_ask_parameter
tolak 4 soalnya ga bener isinya,reimbursement_approval_ask_parameter
approve nomor 1,reimbursement_approval_ask_parameter
tolak,reimbursement_approval_ask_parameter
detail 1,reimbursement_approval_ask_parameter
reject 1,reimbursement_approval_ask_parameter
setujui,reimbursement_approval_ask_parameter
approve nomor 1 ya,reimbursement_approval_ask_parameter
approve no 1,reimbursement_approval_ask_parameter
prev,reimbursement_approval_ask_parameter
approve,reimbursement_approval_ask_parameter
template 99,overtime_approval_ask_template_number
nomor 99,overtime_approval_ask_template_number
yang nomor 99 deh,overtime_approval_ask_template_number
saya pilih template nomor 99,overtime_approval_ask_template_number
sembilan,overtime_approval_ask_template_number
99,overtime_approval_ask_template_number
reject,see_approval_detail_notification_ask_approve_reject
approve,see_approval_detail_notification_ask_approve_reject
no 1,absence_ask_absence_status_number
aku pilih 3,absence_ask_absence_status_number
4,absence_ask_absence_status_number
no 3 aja,absence_ask_absence_status_number
4 ya,absence_ask_absence_status_number
aku pilih 3 aja ya,absence_ask_absence_status_number
pilih yang ke-1,absence_ask_absence_status_number
yang pertama,absence_ask_absence_status_number
saya pilih nomor 3,absence_ask_absence_status_number
1,absence_ask_absence_status_number
nomor 4,absence_ask_absence_status_number
yang kedua,absence_ask_absence_status_number
aku pilih 3 ya,absence_ask_absence_status_number
no 4 aja deh,absence_ask_absence_status_number
3,absence_ask_absence_status_number
2,absence_ask_absence_status_number
pilih yang pertama,absence_ask_absence_status_number
20000,reimburse_ask_claimed_amount
10000,reimburse_ask_claimed_amount
ya,absence_ask_confirmation
tidak,absence_ask_confirmation
ga,absence_ask_confirmation
tidak,approval_ask_confirmation
ya,approval_ask_confirmation
tidak,overtime_ask_confirmation
ya,overtime_ask_confirmation
ga,overtime_ask_confirmation
tidak,reimburse_ask_confirmation
ga,reimburse_ask_confirmation
ya,reimburse_ask_confirmation
besok jam 10 malam - 11 malam cuy,overtime_ask_date
lemburnya 20 desember 2019 jam 10 malam - 11 malam ya,overtime_ask_date
lemburnya tanggal 20 desember 2019 ya,overtime_ask_date
besok ya,overtime_ask_date
besok deh,overtime_ask_date
tanggal 18 februari 2019,overtime_ask_date
dua,reimburse_ask_family_member
satu,reimburse_ask_family_member
1,reimburse_ask_family_member
10,reimburse_ask_family_member
tanggal 10 - 11 desember 2019,absence_ask_parameter
tanggal 10-11 desember 2019,absence_ask_parameter
1 Januari 2019 - 4 Januari 2019,absence_ask_parameter
tanggal 4 aja deh,absence_ask_parameter
18 September sampai 20 September,absence_ask_parameter
tanggal 4 ya alasannya pengen refreshing bentar,absence_ask_parameter
tanggal 11 ya,absence_ask_parameter
tanggak 1 april 2018 - 2 april 2018 untuk keperluan keluarga,absence_ask_parameter
tanggal 1 januari 2018 alasannya pengen aja,absence_ask_parameter
tanggal 5 karena mau ke luar kota,absence_ask_parameter
tanggal 18 September sampai 20 September,absence_ask_parameter
tanggal 24 ini ya soalnya teman saya sakit,absence_ask_parameter
tanggal 2 juli 2018 karena teman saya ada yang meninggal,absence_ask_parameter
tanggal 1 maret 2019 - 2 maret 2019,absence_ask_parameter
mau tanggal 10 ya karena ada urusan mendadak,absence_ask_parameter
tanggal 4 - tanggal 8 untuk menikahkan anak saya,absence_ask_parameter
mau tanggal 1 maret 2019 - 2 maret 2019,absence_ask_parameter
tanggal 1 juli 2018 sampai 2 juli 2018 soalnya males nih,absence_ask_parameter
tanggal 11 januari 2018 dengan alasan pengen menikmati hidup,absence_ask_parameter
tanggal 11 ya karena mau cuti aja,absence_ask_parameter
"karena saya harus pergi ke jakarta, jadinya tanggal 1 aja",absence_ask_parameter
tanggal 1 juli 2018 - 2 juli 2018 soalnya males nih,absence_ask_parameter
tanggal 5 aja ya,absence_ask_parameter
tanggal 25 juli ya,absence_ask_parameter
5 Juni sampai 7 Juni aja,absence_ask_parameter
tanggal 18 September,absence_ask_parameter
tanggal 4 ya dengan alasan ke rumah pacar,absence_ask_parameter
tanggal 4 aja,absence_ask_parameter
tanggal 1 aja ya karena udah capek,absence_ask_parameter
"reject 1, 2, 3",approval_ask_parameter
"detail 1, 2, 3",approval_ask_parameter
"reject 1, 2, 3, dan 5",approval_ask_parameter
"approve 1, 2, 3, 4",approval_ask_parameter
"detail 1, 2, 3, dan 4",approval_ask_parameter
"detail 1, 2, 3, 4",approval_ask_parameter
"approve 1,2",approval_ask_parameter
"detail 1,2",approval_ask_parameter
lihat detil no 1,approval_ask_parameter
"detail 1, 2, dan 3",approval_ask_parameter
"approve 1, 2, dan 3",approval_ask_parameter
"approve 1, 2, 3",approval_ask_parameter
approve 1 dan 3,approval_ask_parameter
reject semua karena bermasalah,approval_ask_parameter
approve nomor 1 dan 2,approval_ask_parameter
karena hari sibuk,approval_ask_parameter
approve nomor 1 dan 2 ya,approval_ask_parameter
tolak 4 soalnya ga bener isinya,approval_ask_parameter
reject semua ajalah,approval_ask_parameter
tolak,approval_ask_parameter
"mau lihat detil no 1, 2, dan 3",approval_ask_parameter
approve,approval_ask_parameter
reject 1 dan 2,approval_ask_parameter
detil 1 dan 2,approval_ask_parameter
approve semua deh,approval_ask_parameter
detil no 1,approval_ask_parameter
setujui 1,approval_ask_parameter
tolak all soalnya isinya pada ga bener,approval_ask_parameter
reject 1,approval_ask_parameter
detail 1 2,approval_ask_parameter
approve all,approval_ask_parameter
next,approval_ask_parameter
lihat detail no 1,approval_ask_parameter
tolak yang no 4 ya,approval_ask_parameter
approve 1 dan 2,approval_ask_parameter
males gw,approval_ask_parameter
setujui,approval_ask_parameter
approve no 1,approval_ask_parameter
lihat detail 1,approval_ask_parameter
approve 1,approval_ask_parameter
1 dan 2,approval_ask_parameter
1,approval_ask_parameter
"1, 2, dan 3",approval_ask_parameter
setujui no 1,approval_ask_parameter
prev,approval_ask_parameter
detail no 2,approval_ask_parameter
bermasalah,approval_ask_parameter
detail 1 2 3 4,approval_ask_parameter
reject 1 dan 2 dengan alasan kurang meyakinkan,approval_ask_parameter
lihat detil 1,approval_ask_parameter
"detil no 1, 2, dan 3",approval_ask_parameter
reject,approval_ask_parameter
nomor satu ya,reimburse_ask_reimbursement_item_number
aku mau nomor 2,reimburse_ask_reimbursement_item_number
nomor satu,reimburse_ask_reimbursement_item_number
saya pilih 2 ya,reimburse_ask_reimbursement_item_number
nomor 2 dong,reimburse_ask_reimbursement_item_number
nomor 2,reimburse_ask_reimbursement_item_number
mau nomor 2 ya,reimburse_ask_reimbursement_item_number
jam 8 malam sampai jam 10 malam,overtime_ask_start_time
jam 8 malam sampai 10 malam,overtime_ask_start_time
11 malam,overtime_ask_start_time
10,overtime_ask_start_time
jam 10,overtime_ask_start_time
jam 10 - 11 malam ya,overtime_ask_start_time
jam 10 malam sampai 11 malam ya,overtime_ask_start_time
kalau terlambat perhitungannya gimana?,ask_attendance_formula
perhitungan terlambat,ask_attendance_formula
cara perhitungan kalau telat,ask_attendance_formula
mau lihat formula terlambat,ask_attendance_formula
formula telat,ask_attendance_formula
formula keterlambatan,ask_attendance_formula
rincian saldo cuti,leave_balance_detail
kenapa segitu ya?,leave_balance_detail
kenapa segitu ya saldo cuti saya?,leave_balance_detail
kenapa saldo cuti tinggal segitu?,leave_balance_detail
Kok saldo cuti aku segitu ya?,leave_balance_detail
Minta detail saldo cuti donk,leave_balance_detail
Kok saldo cuti aku tinggal segitu ya?,leave_balance_detail
"Kok, saldo cuti aku tinggal 8 ya?",leave_balance_detail
Mau nanya dong bu mengenai prosedur penambahan anggota keluarga pada BPJS saya bagaimana ya ? apakah ada kriteria tertentu ?,ask_bpjs_additional_family
"Permisi, boleh tau ketentuan apa saja untuk menambah anggota keluarga di BPJS?",ask_bpjs_additional_family
Saya ingin menambahkan anggota keluarga pada list BPJS Kesehatan saya,ask_bpjs_additional_family
"Saya mau nanya, apakah bisa menambahkan anggota keluarga pada BPJS saya?",ask_bpjs_additional_family
Kalo nambah anggota keluarga di BPJS gimana?,ask_bpjs_additional_family
Apakah ada ketentuan tertentu untuk penambahan anggota keluarga?,ask_bpjs_additional_family
"Siang, mau tanya kalau saya mau menambah tanggungan di bpjs kesehatan apakah bisa?",ask_bpjs_additional_family
apa ketentuan penambahan anggota keluarga untuk BPJS?,ask_bpjs_additional_family
jenis anggota keluarga di bpjs,ask_bpjs_additional_family
anggota keluarga yang bisa didaftarkan di bpjs apa saja ya?,ask_bpjs_additional_family
tambahan anggota keluarga di bpjs,ask_bpjs_additional_family
bpjs additional family,ask_bpjs_additional_family
keluarga yang bisa ditambahkan ke bpjs apa saja?,ask_bpjs_additional_family
Berapa nomor BPJS kesehatan saya?,ask_bpjs_membership
Bu nomor BPJS saya berapa yah?,ask_bpjs_membership
berapa nomor BJPS saya,ask_bpjs_membership
Nomor bpjs kesehatan saya apa ya?,ask_bpjs_membership
Berapa nomor BPJS milik saya?,ask_bpjs_membership
nomor bpjs atas nama Felix Tanamas berapa?,ask_bpjs_membership
Apa nomor BPJS saya?,ask_bpjs_membership
Eh BPJS saya berapa ya nomornya?,ask_bpjs_membership
Mau nanya dong bu mengenai nomor BPJS saya berapa ya ?,ask_bpjs_membership
Boleh tau nomor BPJS saya?,ask_bpjs_membership
"Permisi Claudia, bisa tau nomor BPJS gw apa?",ask_bpjs_membership
mba no BPJS saya berapa ya?,ask_bpjs_membership
"selamat siang, apakah saya bisa tahu nomor BPJS saya?",ask_bpjs_membership
"Maaf, boleh tau nomor BPJS saya yang terdaftar?",ask_bpjs_membership
Boleh saya tahu nomor BPJS saya?,ask_bpjs_membership
Boleh saya minta nomor BPJS terdaftar saya,ask_bpjs_membership
Berapa nomor kepesertaan BPJS Ketenagakerjaan / BPJS Kesehatan saya?,ask_bpjs_membership
nomor bpjs saya,ask_bpjs_membership
nomor bpjs saya berapa,ask_bpjs_membership
"Saya mau tanya, nomor BPJS saya berapa ya?",ask_bpjs_membership
Nomor BPJSku berapa?,ask_bpjs_membership
nomor bpjs saya berapa ya?,ask_bpjs_membership
"Siang, saya mau konfirmasi nomor bpjs saya yang terdaftar di perusahaan.",ask_bpjs_membership
Nomor BPJS saya apa yah?,ask_bpjs_membership
mau tau nomor bpjs ks sama bpjs tk ya,ask_bpjs_membership
mau tau nomor bpjs ks ya,ask_bpjs_membership
berapa no bpjs saya ya?,ask_bpjs_membership
mau tau nomor bpjs saya,ask_bpjs_membership
no bpjs,ask_bpjs_membership
nomor bpjs kesehatan dan ketenagakerjaan aku dong,ask_bpjs_membership
nomor bpjs manpower aku dong,ask_bpjs_membership
nomor bpjs healthcare aku dong,ask_bpjs_membership
nomor bpjs ketenagakerjaan aku dong,ask_bpjs_membership
nomor bpjs kesehatan aku dong,ask_bpjs_membership
nomor bpjs aku dong,ask_bpjs_membership
saya didaftarin bpjs kesehatan kelas berapa?,ask_bpjs_treatment_class
bpjs kesehatan kelas berapa saya?,ask_bpjs_treatment_class
bpjs kelas brp saya?,ask_bpjs_treatment_class
kelas bpjs yang kudapat apa ya,ask_bpjs_treatment_class
kelas bpjs yang didaftarkan oleh company itu kelas berapa ya?,ask_bpjs_treatment_class
BPJS kelas apa yang saya dapat?,ask_bpjs_treatment_class
Ini BPJS yang didaftarkan kantor di kelas berapa ya?,ask_bpjs_treatment_class
kelas bpjs yang didaftarin apa yah?,ask_bpjs_treatment_class
Kelas BPJS saya kelas brapa?,ask_bpjs_treatment_class
Mau tau level BPJS saya ya.,ask_bpjs_treatment_class
Level BPJS saya berapa ya?,ask_bpjs_treatment_class
BPJS gw itu kelas berapa?,ask_bpjs_treatment_class
Untuk BPJS saya didaftarkan pada kelas apa?,ask_bpjs_treatment_class
kelas bpjs saya apa ya?,ask_bpjs_treatment_class
saya di kelas bpjs berapa?,ask_bpjs_treatment_class
mau tau kelas bpjs saya,ask_bpjs_treatment_class
bpjs saya kelas berapa ya?,ask_bpjs_treatment_class
kelas bpjs kesehatan aku dong,ask_bpjs_treatment_class
"batal absen 2 maret 2018, 10 maret 2018 sampai 13 maret 2018",absence_cancellation
"batal ketidakhadiran 2 maret 2018, 10 maret 2018, 4 maret 2018, dan 5 maret 2018",absence_cancellation
aku mau membatalkan absen dari 2 maret 2018 - 3 desember 2018,absence_cancellation
tolong batalkan absen besok ya,absence_cancellation
batalkan ketidakhadiran 1 januari dan 3 januari,absence_cancellation
"batalkan absen tanggal 2, tanggal 3, dan tanggal 4",absence_cancellation
batalin absen dong 1 oktober - 12 oktober,absence_cancellation
cancel absen tanggal 31 ya,absence_cancellation
mau batal tidak hadir tanggal 24 aja ya,absence_cancellation
aku mau membatalkan absen dari tanggal 2 maret 2018 sampai 3 desember 2018,absence_cancellation
cancel  absen 1 januari 2018 sampai besok,absence_cancellation
batal ketidakhadiran tanggal 9 maret 2018 dan 30 april 2018,absence_cancellation
mau cancel absen tanggal 1 januari 2018 sampai 1 desember 2018,absence_cancellation
mau cancel ketidakhadiran tanggal 28 maret 2018,absence_cancellation
batal absen tanggal 1 ini,absence_cancellation
pembatalan absen,absence_cancellation
pembatalan ketidakhadiran,absence_cancellation
mau cancel absen,absence_cancellation
mau cancel ketidakhadiran,absence_cancellation
mau ga jadi tidak hadir,absence_cancellation
mau absence cancellation dong,absence_cancellation
gw mau cancel ketidakhadiran,absence_cancellation
gw mau cancel absen,absence_cancellation
aku mau membatalkan absen,absence_cancellation
aku mau membatalkan ketidakhadiran,absence_cancellation
batal ketidakhadiran,absence_cancellation
batal absen,absence_cancellation
cancel absen dong,absence_cancellation
batalkan absen,absence_cancellation
cancel ketidakhadiran dong,absence_cancellation
batalkan ketidakhadiran,absence_cancellation
cancel absence,absence_cancellation
batal cuti,leave_cancellation
batalin cuti,leave_cancellation
mau batal cuti dong,leave_cancellation
mau cancel leave tanggal 1 januari 2018 - 1 desember 2018,leave_cancellation
mau cancel leave tanggal 1 januari 2018 - hari ini,leave_cancellation
pembatalan cuti tanggal 1 ini,leave_cancellation
mau cancel cuti tanggal 28 maret 2018,leave_cancellation
mau cancel leave tanggal 1 januari 2018 sampai 1 desember 2018,leave_cancellation
batal cuti tanggal 9 maret 2018 dan 30 april 2018,leave_cancellation
leave cancellation dong,leave_cancellation
pembatalan cuti,leave_cancellation
mau cancel leave tanggal 1 januari 2018 sampai besok,leave_cancellation
aku mau membatalkan cuti dari tanggal 2 maret 2018 sampai 3 desember 2018,leave_cancellation
mau cancel leave,leave_cancellation
batal cuti tanggal 24 aja ya,leave_cancellation
cancel leave tanggal 31 ya,leave_cancellation
batal cuti 1 sampai 12 oktober,leave_cancellation
mau batal cuti,leave_cancellation
batal cuti 9 maret,leave_cancellation
mau cancel cuti,leave_cancellation
mau ga jadi cuti,leave_cancellation
mau leave cancellation dong,leave_cancellation
mau batal cuti tanggal 2 mei 2019,leave_cancellation
gw mau cancel cuti,leave_cancellation
batalkan cuti pada tanggal 2 sampai 3 maret 2018,leave_cancellation
batal cuti 3 maret ke 5 maret 2018,leave_cancellation
ajukan pembatalan leave,leave_cancellation
ajukan leave cancellation,leave_cancellation
ajukan pembatalan cuti,leave_cancellation
aku mau membatalkan cuti,leave_cancellation
cancel leave tanggal 31 maret 2018,leave_cancellation
aku mau membatalkan cuti pada tanggal 2 maret 2018 sampai 3 desember 2018,leave_cancellation
aku mau membatalkan cuti dari 2 maret 2018 - 3 desember 2018,leave_cancellation
cancel leave tanggal 3 sampai 30 desember 2018,leave_cancellation
cancel leave 10 - 20 maret,leave_cancellation
cancel leave dong,leave_cancellation
batal cuti 1-2 september 2018,leave_cancellation
batalkan cuti tanggal 9,leave_cancellation
batal cuti 9 maret 2018,leave_cancellation
cancel cuti dong,leave_cancellation
batalkan cuti,leave_cancellation
cancel leave 1-2 juli 2018,leave_cancellation
cancel leave tanggal 10-20 juli 2018,leave_cancellation
batal lembur 1 sampai 12 oktober,overtime_cancellation
mau cancel overtime tanggal 1 januari 2018 sampai besok,overtime_cancellation
aku mau membatalkan lembur dari tanggal 2 maret 2018 sampai 3 desember 2018,overtime_cancellation
mau cancel overtime,overtime_cancellation
mau cancel lembur,overtime_cancellation
batal lembur tanggal 24 aja ya,overtime_cancellation
"batalkan lembur pada tanggal 2, 3, dan 10 maret 2018",overtime_cancellation
batal lembur 3 januari dan 4 januari,overtime_cancellation
pembatalan overtime,overtime_cancellation
pembatalan lembur,overtime_cancellation
overtime cancellation dong,overtime_cancellation
mau batal lembur dong,overtime_cancellation
mau batal overtime dong,overtime_cancellation
batalin lembur,overtime_cancellation
batalin overtime,overtime_cancellation
batal overtime,overtime_cancellation
batal lembur,overtime_cancellation
tanggal 10 - 11 desember 2019,leave_cancellation_approved_ask_date
tanggal 10-11 desember 2019,leave_cancellation_approved_ask_date
2 September 2019 sampai 4 September 2019,leave_cancellation_approved_ask_date
tanggal 1 September 2019 sampai dengan 5 September 2019,leave_cancellation_approved_ask_date
1 September 2019 - 5 September 2019,leave_cancellation_approved_ask_date
tanggal 1 September 2019 sampai 5 September 2019,leave_cancellation_approved_ask_date
tanggal 1 September 2019,leave_cancellation_approved_ask_date
belum disetujui,leave_cancellation_ask_approval_status
sudah disetujui,leave_cancellation_ask_approval_status
telah disetujui,leave_cancellation_ask_approval_status
tidak,absence_cancellation_ask_confirmation
ga,absence_cancellation_ask_confirmation
ya,absence_cancellation_ask_confirmation
tidak,leave_cancellation_ask_confirmation
ya,leave_cancellation_ask_confirmation
ya,overtime_cancellation_ask_confirmation
ga,overtime_cancellation_ask_confirmation
tidak,overtime_cancellation_ask_confirmation
"99,100,101,102,103",leave_cancellation_ask_number
"99,100,101,102",leave_cancellation_ask_number
"99,100,101",leave_cancellation_ask_number
"99, 100, 101, 102, dan 103",leave_cancellation_ask_number
"99, 100, 101, 102, 103",leave_cancellation_ask_number
"99,100",leave_cancellation_ask_number
"99, 100, 101, dan 102",leave_cancellation_ask_number
"99, 100, dan 101",leave_cancellation_ask_number
99 dan 100,leave_cancellation_ask_number
satu,leave_cancellation_ask_number
no 99,leave_cancellation_ask_number
99 deh,leave_cancellation_ask_number
nomor 99 ya,leave_cancellation_ask_number
aku pilih 99,leave_cancellation_ask_number
"99, 100, 101, 102, dan 103",absence_cancellation_ask_parameter
"99,100,101,102,103",absence_cancellation_ask_parameter
"99,100,101,102",absence_cancellation_ask_parameter
"99,100,101",absence_cancellation_ask_parameter
"99,100",absence_cancellation_ask_parameter
"99, 100, 101, 102, 103",absence_cancellation_ask_parameter
"99, 100, 101, dan 102",absence_cancellation_ask_parameter
1 januari 2019 - 30 juni 2019,absence_cancellation_ask_parameter
tanggal 1 maret dan 2 maret ya,absence_cancellation_ask_parameter
tanggal 10 maret sampai 20 maret ya,absence_cancellation_ask_parameter
mulai 3 april ke 7 april ya,absence_cancellation_ask_parameter
tanggal 4 aja deh,absence_cancellation_ask_parameter
"tanggal 23 mei 2018, 24 mei 2018, dan 25 mei 2018",absence_cancellation_ask_parameter
tanggal 13 dan tanggal 14 ya,absence_cancellation_ask_parameter
dari 10 desember 2018 - 20 desember 2018,absence_cancellation_ask_parameter
sepuluh maret 2018,absence_cancellation_ask_parameter
99 deh,absence_cancellation_ask_parameter
99 dan 100,absence_cancellation_ask_parameter
satu,absence_cancellation_ask_parameter
"99, 100, dan 101",absence_cancellation_ask_parameter
nomor 99 ya,absence_cancellation_ask_parameter
aku pilih 99,absence_cancellation_ask_parameter
99,absence_cancellation_ask_parameter
sepuluh maret 2018,overtime_cancellation_ask_parameter
dari 10 - 20 desember 2019,overtime_cancellation_ask_parameter
sembilan sampai sepuluh maret 2018,overtime_cancellation_ask_parameter
tanggal 13 dan tanggal 14 ya,overtime_cancellation_ask_parameter
tanggal 20 - 31 mei,overtime_cancellation_ask_parameter
"tanggal 23 mei 2018, 24 mei 2018, dan 25 mei 2018",overtime_cancellation_ask_parameter
20 - 30 maret 2018,overtime_cancellation_ask_parameter
tanggal 4 aja deh,overtime_cancellation_ask_parameter
mulai 3 ke 7 april ya,overtime_cancellation_ask_parameter
tanggal 10 maret sampai 20 maret ya,overtime_cancellation_ask_parameter
"99, 100, 101, 102, dan 103",overtime_cancellation_ask_parameter
"99,100,101,102,103",overtime_cancellation_ask_parameter
"99,100,101,102",overtime_cancellation_ask_parameter
"99,100,101",overtime_cancellation_ask_parameter
"99, 100, 101, 102, 103",overtime_cancellation_ask_parameter
"99,100",overtime_cancellation_ask_parameter
"99, 100, 101, dan 102",overtime_cancellation_ask_parameter
tanggal 1 maret dan 2 maret ya,overtime_cancellation_ask_parameter
aku pilih 99,overtime_cancellation_ask_parameter
nomor 99 ya,overtime_cancellation_ask_parameter
99 deh,overtime_cancellation_ask_parameter
no 99,overtime_cancellation_ask_parameter
"99, 100, dan 101",overtime_cancellation_ask_parameter
sembilan,overtime_cancellation_ask_parameter
99 dan 100,overtime_cancellation_ask_parameter
tau catapa ga?,ask_catapa
catapa tuh apa sih,ask_catapa
apa itu catapa,ask_catapa
selamat sore,ask_claudia
malam,ask_claudia
siang,ask_claudia
/start,ask_claudia
hallo,ask_claudia
apa kabar,ask_claudia
tes,ask_claudia
test,ask_claudia
siapa ya?,ask_claudia
claudia,ask_claudia
hei,ask_claudia
hey,ask_claudia
ini bot?,ask_claudia
halo,ask_claudia
hi,ask_claudia
hai,ask_claudia
saya berbicara dengan siapa?,ask_claudia
hello,ask_claudia
siapa itu claudia?,ask_claudia
siapa ini?,ask_claudia
siapa kamu?,ask_claudia
kantorku dimana ya,ask_company
informasi kantor,ask_company
info kantor,ask_company
berapa sih kodepos kantor?,ask_company
boleh tau no telp kantor?,ask_company
saya mau tau alamat perusahaan dong,ask_company
lokasi kantor di mana,ask_company
lokasi kantor dimana,ask_company
lokasi kantor,ask_company
Apa nama kantor saya?,ask_company
no telepon tempat kerja saya,ask_company
nomor telepon perusahaan,ask_company
nama perusahaan saya apa?,ask_company
nomor telp kantor dong,ask_company
perusahaan saya dimana ya?,ask_company
mau detail data perusahaan dong,ask_company
alamat lengkap perusahaan ini dong,ask_company
detil perusahaan dong,ask_company
minta detil perusahaan,ask_company
telepon perusahaan?,ask_company
nomor telepon perusahaan saya,ask_company
alamat perusahaan saya,ask_company
detail dari company saya,ask_company
apa nama perusahaan gw?,ask_company
mau tau nama perusahaan,ask_company
detail company gw?,ask_company
detail perusahaan saya?,ask_company
mau tau fasilitas kesehatan gigi dong,ask_dental_facility
fasilitas perawatan gigi saya apa ya?,ask_dental_facility
perawatan gigi,ask_dental_facility
fasilitas kesehatan gigi aku dong,ask_dental_facility
tanggal saya join company berapa,ask_employment_detail
tanggal saya masuk kantor tanggal berapa?,ask_employment_detail
pangkat saya apa?,ask_employment_detail
saya level berapa di perusahaan?,ask_employment_detail
apa status saya di perusahaan?,ask_employment_detail
status kepegawaian saya gimana sih,ask_employment_detail
"siang bu, boleh minta data kepegawaian saya?",ask_employment_detail
Mohon informasi job level dan tanggal bergabung saya,ask_employment_detail
Mohon informasi tanggal bergabung saya,ask_employment_detail
Mohon informasi job level saya,ask_employment_detail
Tolong tampilkan informasi kepegawaian saya,ask_employment_detail
"Kalau di sistem, level saya sekarang berapa ya?",ask_employment_detail
Saya mau lihat data kepegawaian saya,ask_employment_detail
Kapan saya mulai join?,ask_employment_detail
Job level saya apa?,ask_employment_detail
Job level saya sekarang apa?,ask_employment_detail
Kapan saya bergabung?,ask_employment_detail
Join date saya kapan?,ask_employment_detail
Saya join tanggal berapa ya?,ask_employment_detail
Saya join tanggal berapa?,ask_employment_detail
tanggal join saya,ask_employment_detail
cek status kepegawaian,ask_employment_detail
Bagaimana status kepegawaian saya sekarang?,ask_employment_detail
apa detail informasi kepegawaian saya?,ask_employment_detail
jabatan saya,ask_employment_detail
pangkat saya,ask_employment_detail
kapan tanggal saya bergabung,ask_employment_detail
kapan tanggal bergabung saya?,ask_employment_detail
job level saya apa ya?,ask_employment_detail
aku mau tau job level,ask_employment_detail
job level aku dong,ask_employment_detail
mau cuti 11 feb-14,leave_entry
mau cuti 12-14 februari 2020,leave_entry
mau cuti 11 feb - 14,leave_entry
mau cuti 12 - 14 februari 2020,leave_entry
ambil cuti,leave_entry
ambil cuti dong,leave_entry
saya mau ambil cuti,leave_entry
mau ambil cuti,leave_entry
mau cuti gan 11 januari 2011,leave_entry
mau cuti gan,leave_entry
mengajukan cuti,leave_entry
pengajuan hourly leave,leave_entry
pengajuan annual leave,leave_entry
annual leave,leave_entry
leave,leave_entry
mau cuti 1 januari 2019,leave_entry
Mengajukan cuti untuk 28 Jan 2019,leave_entry
gw cuti ah,leave_entry
leave entry,leave_entry
"gw mau cuti lah, capek",leave_entry
mau cuti dong,leave_entry
mau annual leave dong,leave_entry
cuti tanggal 9 maret,leave_entry
"cuti ya tanggal 1 maret, 2 maret sampai 4 maret 2018",leave_entry
mau cuti dong besok ya,leave_entry
mau cuti satu hari tanggal 24,leave_entry
mau leave,leave_entry
ga jadi deh jadinya cuti aja,leave_entry
"mau cuti tanggal 1 maret, 2 maret, dan 3 maret",leave_entry
Aku mau cuti setengah hari donk,leave_entry
Aku mau cuti besok sama lusa donk,leave_entry
eh ga jadi deh maunya cuti,leave_entry
mau cuti,leave_entry
Aku mau cuti seharian donk besok,leave_entry
Aku mau cuti tanggal 8 September donk,leave_entry
mau cuti dong besok,leave_entry
ga jadi deh maunya cuti,leave_entry
mau cuti tanggal 1 maret 2010 - 2 maret 2020,leave_entry
Aku mau cuti setengah hari besok jam 8 pagi sampai jam 12 siang,leave_entry
saya mau cuti,leave_entry
mau cuti setengah hari tanggal 26 jam 8 sampai jam 10,leave_entry
mau cuti tanggal 12 ya,leave_entry
ajukan leave,leave_entry
ajukan annual leave,leave_entry
ajukan cuti,leave_entry
mau cuti hari ini,leave_entry
Aku mau cuti donk,leave_entry
"mau cuti 10 maret, 12 maret, dan 15 maret",leave_entry
mau cuti 10 maret sampai 12 maret,leave_entry
cuti dong,leave_entry
mau cuti dong besok satu hari,leave_entry
cuti tanggal 1 maret 2010 sampai 3 maret 2010,leave_entry
hari ini cuti ya,leave_entry
gw mau cuti,leave_entry
ya,leave_entry_ask_confirmation
ga,leave_entry_ask_confirmation
tidak,leave_entry_ask_confirmation
11 feb-14,leave_entry_ask_dates
12-14 februari 2020,leave_entry_ask_dates
11 feb - 14,leave_entry_ask_dates
12 - 14 februari 2020,leave_entry_ask_dates
untuk besok,leave_entry_ask_dates
gw cuti untuk tanggal 20 jan 2019,leave_entry_ask_dates
saya cuti untuk tanggal 10 maret,leave_entry_ask_dates
saya cuti tanggal 14 november 2019,leave_entry_ask_dates
cuti tanggal 10 oktober ya,leave_entry_ask_dates
aku mau cuti tiga hari lagi,leave_entry_ask_dates
gw mau cutinya lusa aja,leave_entry_ask_dates
saya mau cuti besok,leave_entry_ask_dates
lusa,leave_entry_ask_dates
1 januari 2019,leave_entry_ask_dates
11 desember - 12 desember deh,leave_entry_ask_dates
tanggal 11 desember - 12 desember 2018,leave_entry_ask_dates
10 Juli sampai 15 Juli,leave_entry_ask_dates
10 Maret 2018 sampai 15 Maret 2018,leave_entry_ask_dates
"4 Juli, 5 Juli, dan 6 Juli",leave_entry_ask_dates
tanggal 13 sampai tanggal 20,leave_entry_ask_dates
tanggal 13 dan tanggal 14,leave_entry_ask_dates
tanggal 12 aja deh,leave_entry_ask_dates
cuti setengah hari 23 maret 2018 jam 4 - 8,leave_entry_ask_dates
besok satu hari ya,leave_entry_ask_dates
tanggal 4 Juli dan 5 Juli,leave_entry_ask_dates
"satu hari saja, 23 desember 2018",leave_entry_ask_dates
tanggal 12 ya,leave_entry_ask_dates
cuti satu hari full tanggal 12 maret,leave_entry_ask_dates
"tanggal 10 Maret, 12 Maret dan 15 Maret",leave_entry_ask_dates
setengah hari besok,leave_entry_ask_dates
hari ini satu hari,leave_entry_ask_dates
"gw mau setengah hari aja ah, hari ini 8 malam - 9 malam",leave_entry_ask_dates
tanggal 28 Juli sampai 29 Juli,leave_entry_ask_dates
setengah hari,leave_entry_ask_leave_type
beberapa jam ya,leave_entry_ask_leave_type
aku mau cutinya beberapa jam aja,leave_entry_ask_leave_type
satu hari,leave_entry_ask_leave_type
beberapa jam dari jam 10 - jam 12,leave_entry_ask_leave_type
setengah hari jam 2 sampai jam 3,leave_entry_ask_leave_type
jam 1 sampai jam 10,leave_entry_half_day_ask_start_time
apa bisa mengajukan cuti kalau cutinya saya udah abis?,ask_exceed_leave_balance_status
saya mau mengajukan cuti tapi saldo saya sudah habis,ask_exceed_leave_balance_status
"Eh ini cuti ku udah habis, bisa tetep ngajuin cuti nggak ya?",ask_exceed_leave_balance_status
"saldo saya habis, tapi mau cuti, gimana yah?",ask_exceed_leave_balance_status
gimana caranya mau cuti kalau saldo dah habis?,ask_exceed_leave_balance_status
"saya mau ajuin cuti, tapi cuti saya udah habis, gimana yah?",ask_exceed_leave_balance_status
Saya ingin mengajukan cuti namun saya tidak memiliki saldo lagi. Apakah bisa mengambil jatah cuti saya di periode depan?,ask_exceed_leave_balance_status
syarat mengajukan cuti jika jatah cuti habis,ask_exceed_leave_balance_status
misalkan jatah cuti saya sudah nol bagaimana?,ask_exceed_leave_balance_status
misalkan cuti saya sudah habis gimana?,ask_exceed_leave_balance_status
kalau jatah cuti saya sudah 0 gimana ya?,ask_exceed_leave_balance_status
lah,default_fallback_intent
mau tau no kk dong,ask_family_card_number
nomor KK gw dong,ask_family_card_number
nomor KK dong,ask_family_card_number
nomor kartu keluarga gue,ask_family_card_number
berapa nomor kartu keluarga saya,ask_family_card_number
nomor kartu keluarga aku dong,ask_family_card_number
healthcare facility,ask_healthcare_facility
fasilitas kesehatan,ask_healthcare_facility
alamat fasilitas kesehatan aku dong,ask_healthcare_facility
fasilitas kesehatan aku dong,ask_healthcare_facility
yes,offer_help
ya,offer_help
ga,offer_help
Tidak,offer_help
mau tau tanggal merah dong,ask_holiday
tanggal merah,ask_holiday
kapan liburan tahun ini?,ask_holiday
daftar hari libur,ask_holiday
mau tau jadwal libur dong,ask_holiday
libur di tahun ini tanggal berapa?,ask_holiday
liburan tanggal berapa aja ya?,ask_holiday
jadwal libur tahun 2020 apa ya?,ask_holiday
jadwal libur tahun 2019,ask_holiday
jadwal libur april 2019,ask_holiday
jadwal libur 2019,ask_holiday
jadwal libur tahun ini,ask_holiday
tampilkan kartu identitas saya,ask_identity_card
mau liat kartu identitas,ask_identity_card
no identity card gw,ask_identity_card
mau tau passport saya dong,ask_identity_card
tolong tampilkan paspor saya,ask_identity_card
no paspor saya dong,ask_identity_card
no ktp saya berapa?,ask_identity_card
nomor ktp saya berapa ya?,ask_identity_card
nomor kartu tanda penduduk dong,ask_identity_card
detail kartu tanda penduduk,ask_identity_card
lembur saya dipotong ga ya kalau datang terlambat?,ask_lateness_deduct_overtime
"kalau datang telat, lembur dipotong?",ask_lateness_deduct_overtime
lateness deduct overtime,ask_lateness_deduct_overtime
"kalau saya terlambat, lembur saya dipotong ga ya?",ask_lateness_deduct_overtime
perpanjang sisa cuti,extend_leave
extend sisa cuti,extend_leave
gimana cara extend cuti?,extend_leave
mau extend cuti dong,extend_leave
panjangin cuti,extend_leave
perpanjang cuti,extend_leave
extend cuti,extend_leave
extend leave,extend_leave
Perpanjangan saldo cuti,extend_leave
Perpanjang saldo cuti,extend_leave
Extend saldo cuti,extend_leave
tampilkan tempat saya bekerja,ask_location
lokasi perusahaan saya dong,ask_location
tampilkan lokasi saya bekerja,ask_location
detail dari lokasi kerja gw,ask_location
mau tau lokasi kerja saya,ask_location
lokasi saya bekerja dimana ya?,ask_location
penempatan saya dimana?,ask_location
dimana lokasi kerja saya?,ask_location
lokasi kerja,ask_location
lokasi kantor,ask_location
tampilkan hasil selanjutnya,balance_next
tampilkan halaman selanjutnya,balance_next
berikutnya,balance_next
baca hasil berikutnya,balance_next
tampilkan yang berikutnya,balance_next
maju,balance_next
ganti ke yang berikutnya,balance_next
halaman berikutnya,balance_next
next,balance_next
buka halaman berikutnya,balance_next
hasil berikutnya,balance_next
20 menit lagi ingetin ya,snooze_notification
snooze 4 min,snooze_notification
1 menit lagi aja ingetinnya,snooze_notification
tunggu sebentar,snooze_notification
bentar lagi ya,snooze_notification
remind me in 7 menit,snooze_notification
9 menit lagi ingetinnya ya,snooze_notification
1 jam lagi dong,snooze_notification
5 menit lagi deh,snooze_notification
ingetin 10 menit lagi,snooze_notification
sebentar lagi ya,snooze_notification
snooze,snooze_notification
tidak,approve_notification_ask_confirmation
ya,approve_notification_ask_confirmation
ya,reject_notification_ask_confirmation
tidak,reject_notification_ask_confirmation
kurang attachment,reject_notification_ask_reason
alasannya kurang jelas,reject_notification_ask_reason
berapa no npwp saya?,ask_npwp
nomor npwp,ask_npwp
Tolong tanya nomor NPWP saya berapa ya?,ask_npwp
Nomor NPWP saya apa yah?,ask_npwp
Sebutkan nomor NPWP ya,ask_npwp
nomor npwp saya berapa ya?,ask_npwp
Mau tahu nomor NPWP saya,ask_npwp
Mau tahu nomor NPWP aku,ask_npwp
berapa nomor npwp saya?,ask_npwp
Nomor NPWP gw berapa?,ask_npwp
check npwp,ask_npwp
cek npwp,ask_npwp
show npwp,ask_npwp
tampilkan npwp,ask_npwp
npwp,ask_npwp
nomor npwp saya?,ask_npwp
Boleh tau nomor NPWP saya?,ask_npwp
berapa sih no npwp aku?,ask_npwp
tampilkan kartu npwp saya,ask_npwp
kartu npwp,ask_npwp
no npwp,ask_npwp
nomor kartu npwp gw berapa ya?,ask_npwp
mau tau npwp gw dong,ask_npwp
teknik perhitungan lembur,ask_overtime_calculation_method
teknik perhitungan overtime,ask_overtime_calculation_method
bagaimana cara menghitung lembur saya?,ask_overtime_calculation_method
cara perhitungan lembur,ask_overtime_calculation_method
acuan perhitungan lembur saya seperti apa,ask_overtime_calculation_method
overtime calculation method,ask_overtime_calculation_method
Acuan perhitungan lembur karyawan?,ask_overtime_calculation_method
ya,approve_overtime_notification_ask_confirmation
tidak,approve_overtime_notification_ask_confirmation
berbayar,approve_overtime_notification_ask_paid
tidak berbayar,approve_overtime_notification_ask_paid
yang nomor 99 deh,approve_overtime_notification_ask_template_number
template 99,approve_overtime_notification_ask_template_number
saya pilih template nomor 99,approve_overtime_notification_ask_template_number
sembilan,approve_overtime_notification_ask_template_number
nomor 99,approve_overtime_notification_ask_template_number
99,approve_overtime_notification_ask_template_number
cut off harian,ask_payroll_cutoff_date
tanggal berapa sih cut off?,ask_payroll_cutoff_date
kapan tanggasl cutoff gaji harian?,ask_payroll_cutoff_date
kapan cut off komponen gaji bulanan?,ask_payroll_cutoff_date
kapan tanggal cut off komponen gaji harian?,ask_payroll_cutoff_date
tanggal berapa cut off gaji bulanan?,ask_payroll_cutoff_date
kapan tanggal cut off harian sih?,ask_payroll_cutoff_date
kapan tanggal cutoff bulanan?,ask_payroll_cutoff_date
tanggal cutoff bulanan,ask_payroll_cutoff_date
berapa sih tanggal cutoff?,ask_payroll_cutoff_date
cutoff,ask_payroll_cutoff_date
cut off,ask_payroll_cutoff_date
tanggal cut off,ask_payroll_cutoff_date
tanggal cutoff,ask_payroll_cutoff_date
daily,ask_payroll_cutoff_date_select_type
monthly,ask_payroll_cutoff_date_select_type
harian,ask_payroll_cutoff_date_select_type
bulanan,ask_payroll_cutoff_date_select_type
download gaji,download_payslip
payroll,download_payslip
payslip,download_payslip
gaji saya berapa,download_payslip
lihat gaji dong,download_payslip
gaji saya,download_payslip
mau tahu slip gaji saya,download_payslip
Download slip gaji,download_payslip
Unduh slip gaji,download_payslip
siapa gua,ask_personal_detail
Personal details,ask_personal_detail
bisa beritahu detail diri gw?,ask_personal_detail
detail saya,ask_personal_detail
saya warga negara mana?,ask_personal_detail
saya warga negara apa?,ask_personal_detail
apa status pernikahan saya?,ask_personal_detail
nomor kartu keluarga aku berapa?,ask_personal_detail
siapa aku?,ask_personal_detail
aku lahir dimana?,ask_personal_detail
saya lahir dimana?,ask_personal_detail
agamaku apa ya?,ask_personal_detail
agamaku apa?,ask_personal_detail
siapa saya?,ask_personal_detail
data diri aku dong,ask_personal_detail
saya siapa ya?,ask_personal_detail
jadi siapa saya?,ask_personal_detail
nama saya siapa?,ask_personal_detail
tempat kelahiran saya dimana?,ask_personal_detail
jenis kelamin saya apa?,ask_personal_detail
data diri saya,ask_personal_detail
previous,balance_previous
prev,balance_previous
kembali ke halaman sebelumnya,balance_previous
sebelumnya,balance_previous
kembali,balance_previous
balik lagi,balance_previous
baca hasil sebelumnya,balance_previous
hasil sebelumnya,balance_previous
halaman sebelumnya,balance_previous
buka hasil sebelumnya,balance_previous
kembali ke sebelumnya,balance_previous
buka halaman sebelumnya,balance_previous
time traking,disable_push_notification
time tracing,disable_push_notification
time out,disable_push_notification
time in,disable_push_notification
time tracking,disable_push_notification
persetujuan,disable_push_notification
rekam waktu,disable_push_notification
turn off time tracking,disable_push_notification
time tracker off,disable_push_notification
approval off,disable_push_notification
matikan persetujuan,disable_push_notification
matikan approval,disable_push_notification
matiin pengingat persetujuan,disable_push_notification
matikan pengingat approval,disable_push_notification
matikan notifikasi approval,disable_push_notification
matikan reminder approval,disable_push_notification
matikan notifikasi persetujuan,disable_push_notification
matikan pengingat persetujuan,disable_push_notification
disable,disable_push_notification
disable reminder,disable_push_notification
matiin reminder,disable_push_notification
matiin pengingat,disable_push_notification
turn off notifikasi,disable_push_notification
turn off reminder,disable_push_notification
turn off notification,disable_push_notification
matikan,disable_push_notification
matiin,disable_push_notification
matikan reminder,disable_push_notification
matikan pengingat,disable_push_notification
mau matiin pengingat persetujuan dong,disable_push_notification
mau matiin notifikasi persetujuan dong,disable_push_notification
matikan pengingat rekam waktu,disable_push_notification
matikan notifikasi rekam waktu,disable_push_notification
stop notifikasi approval,disable_push_notification
stop notifikasi,disable_push_notification
stop notif,disable_push_notification
matiin aja notifikasinya,disable_push_notification
mau matiin notifikasi dong,disable_push_notification
matiin notifikasi,disable_push_notification
Matikan notifikasi,disable_push_notification
time tracker on,enable_push_notification
turn on reminder time tracking,enable_push_notification
reminder time tracking,enable_push_notification
nyalakan pengingat rekam waktu,enable_push_notification
nyalakan approval,enable_push_notification
nyalakan persetujuan,enable_push_notification
nyalain persetujuan,enable_push_notification
approval on,enable_push_notification
turn on notifikasi,enable_push_notification
nyalakan pengingat persetujuan,enable_push_notification
nyalakan reminder persetujuan,enable_push_notification
ingetin,enable_push_notification
ingatkan,enable_push_notification
notify me,enable_push_notification
remind me,enable_push_notification
turn on notification,enable_push_notification
turn on,enable_push_notification
nyalain,enable_push_notification
enable reminder,enable_push_notification
nyalain reminder,enable_push_notification
nyalain pengingat,enable_push_notification
nyalakan reminder,enable_push_notification
Nyalakan notifikasi,enable_push_notification
nyalakan pengingat,enable_push_notification
mau nyalain pengingat persetujuan dong,enable_push_notification
mau nyalain notifikasi persetujuan dong,enable_push_notification
nyalakan notifikasi rekam waktu,enable_push_notification
nyalain notifikasi approval,enable_push_notification
nyalain lagi notifnya,enable_push_notification
mau dapat notifikasi dong,enable_push_notification
nyalain notif,enable_push_notification
hidupkan notifikasi,enable_push_notification
nyalain notifikasi,enable_push_notification
time tracking,disable_push_notification_ask_type
approval,disable_push_notification_ask_type
time tracking,enable_push_notification_ask_type
approval,enable_push_notification_ask_type
empat puluh tiga ribu aja,approve_reimbursement_claim_notification_ask_amount
23122322,approve_reimbursement_claim_notification_ask_amount
sejumlah 340 ribu ya,approve_reimbursement_claim_notification_ask_amount
15000 aja,approve_reimbursement_claim_notification_ask_amount
20 juta,approve_reimbursement_claim_notification_ask_amount
tidak,approve_reimbursement_claim_notification_ask_confirmation
ya,approve_reimbursement_claim_notification_ask_confirmation
usia pensiun berapa ya?,ask_retirement_age
berapa batas usia pensiun?,ask_retirement_age
berapa ya usia pensiun?,ask_retirement_age
mau tau usia pensiun dong,ask_retirement_age
usia pensiun,ask_retirement_age
retirement age,ask_retirement_age
kalau pensiun itu usia berapa?,ask_retirement_age
berapa sih usia pensiun?,ask_retirement_age
Bagaimana jadwal kerja saya untuk hari kerja?,ask_shift
Bu jadwal kerja saya itu kapan saja?,ask_shift
jadwal kerja saya,ask_shift
"Untuk karyawan seperti saya, jadwal kerja sesuai aturan dari perusahaan bagaimana ya?",ask_shift
bagaimana jadwal kerja saya,ask_shift
Bagaimana jadwal kerjanya?,ask_shift
liat jadwal kerja saya yang terdaftar,ask_shift
Minta tolong share jadwal kerja saya dong. Terima kasih.,ask_shift
Jadwal kerja nya gimana ya?,ask_shift
Mba emang jadwal kerja saya nya kapan aja?,ask_shift
bolehkah saya tau jadwal kerja saya?,ask_shift
Jadwal kerja di kantor seperti apa?,ask_shift
Saya ingin tahu tentang jadwal kerja saya,ask_shift
Apakah saya memiliki shift kerja minggu ini?,ask_shift
bagaimana jadwal kerja saya minggu ini,ask_shift
jadwal kerja saya kapan,ask_shift
Berapa jam jangka waktu saya bekerja . Masuk dan pulang jam berapa,ask_shift
Saya mau nanya terkait jadwal kerja. Jadwal kerjanya seperti apa ya?,ask_shift
Jadwal kerjaku dari jam berapa ya harusnya?,ask_shift
Mau konfirmasi jadwal kerja saya dong.,ask_shift
apa shift saya,ask_shift
Jadwal kerja saya?,ask_shift
shift minggu ini,ask_shift
shift saya,ask_shift
shift saya minggu ini,ask_shift
jadwal kerja dong,ask_shift
jadwal kerja saya minggu depan,ask_shift
jadwal kerja minggu ini,ask_shift
status pengajuan,approval_status
cek pengajuan absen,approval_status
cutiku sudah di approve?,approval_status
cutiku sudah approve belum?,approval_status
approval status tanggal 24 april 2019,approval_status
cek absen yang disetujui,approval_status
approval status pending,approval_status
daftar approved cuti,approval_status
mau liat list reimbursement dong,approval_status
list overtime,approval_status
history absen,approval_status
history cuti,approval_status
daftar reimbursement,approval_status
daftar cuti,approval_status
approval status,approval_status
lihat daftar reimbursement,approval_status
cek cuti,approval_status
cuti saya sudah disetujui?,approval_status
lembur saya sudah disetujui belum ya?,approval_status
mau lihat cuti,approval_status
mau liat cuti,approval_status
status batal cuti,approval_status
lihat status overtime,approval_status
status reimbursement dong,approval_status
gw mau lihat status pembatalan cuti ya,approval_status
"lihat status absent 1 juni 2018, 2 juni 2018, dan 4 juni 2018",approval_status
status leave cancellation,approval_status
status klaim reimbursement saya,approval_status
gimana status cancel cuti?,approval_status
status cuti saya pada tanggal 12 maret 2018 apa ya?,approval_status
status cuti 1 april 2018 sampai besok,approval_status
"status absen tanggal 1 juni 2018, 3 juni 2018, dan 4 juni 2018",approval_status
lihat status pembatalan cuti,approval_status
status cuti tanggal 15 aja deh,approval_status
lihat status cuti gw dong,approval_status
saya mau lihat status cuti,approval_status
status lembur dong,approval_status
lihat status lembur saya,approval_status
status pembatalan cuti,approval_status
absen status,approval_status
lihat status absen tanggal 1 januari 2018 - 1 desember 2018,approval_status
lihat status leave cancellation sampai hari ini,approval_status
status absen dari 1 mei 2018 sampai 20 mei 2018,approval_status
status cuti gw tanggal 9 sampai 10 maret 2019,approval_status
cek status cuti tanggal 4 mei,approval_status
status batal cuti saya dong pada tanggal 2 mei 2018 sampai 4 mei 2018,approval_status
gimana status cuti gw yang tanggal 21?,approval_status
lihat status cuti dong,approval_status
"status cuti tanggal 1 mei 2018, 2 mei 2018",approval_status
status cuti gw gimana?,approval_status
reimbursement status pada tanggal 21 juli 2018,approval_status
lihat status cuti dari tanggal 1 juni - 2 juli,approval_status
status pembatalan cuti tanggal 8 mei 2018,approval_status
status cuti 21 juni sampai sekarang,approval_status
gimana status reimburse gw?,approval_status
gimana status cuti gw?,approval_status
"status pembatalan cuti tanggal 8 mei 2018, 9 mei 2018",approval_status
tampilin status cuti gw ya mulai 2 mei sampai 1 desember 2018,approval_status
lihat pengajuan cuti,approval_status
lihat status cuti dari 1 maret 2018 sampai hari ini,approval_status
status cuti yang tanggal 10 desember aja deh,approval_status
status pembatalan cuti tanggal 1 mei 2018 dan 2 mei 2018,approval_status
status cuti 1 januari - 3 april 2018,approval_status
gimana nih status lembur ane?,approval_status
apakah status cuti saya sudah disetujui?,approval_status
tampilkan status pembatalan cuti saya dong,approval_status
status cuti,approval_status
reimburse status pada tanggal 21 aja deh,approval_status
lihat status cuti,approval_status
status batal cuti gw 2 mei 2018 dan 4 mei 2018,approval_status
gimana status cuti saya dari hari ini sampai minggu depan?,approval_status
show status absen saya,approval_status
status lembur 1 desember - 2 desember,approval_status
status absen tanggal 1 sampai tanggal 2 ya,approval_status
"lembur status tanggal 1 mei, 2 mei, dan 3 mei 2018",approval_status
detail pengajuan cuti,approval_status
status pembatalan cuti pada tanggal 23 maret sampai 27 juli,approval_status
status batal cuti tanggal 1 mei - 27 mei,approval_status
tampilin status absen gw ya mulai 2 mei sampai 1 desember 2018,approval_status
aku mau lihat status batal cuti,approval_status
rejected,approval_status_ask_status
approved,approval_status_ask_status
pending,approval_status_ask_status
waiting,approval_status_ask_status
anak buah saya siapa aja,ask_subordinate
siapa anak buah saya,ask_subordinate
siapa aja bawahan gua,ask_subordinate
subordinate saya siapa aja ya?,ask_subordinate
Siapa saja bawahan saya ya?,ask_subordinate
Tolong tampilkan daftar bawahan saya,ask_subordinate
siapa bawahan saya?,ask_subordinate
Siapa aja yang menjadi tanggung jawab saya,ask_subordinate
Mau tau subordinate saya dan ada berapa orang,ask_subordinate
Berapa orang yang saya manage dan siapa saja?,ask_subordinate
Subordinate saya ada berapa orang dan siapa saja?,ask_subordinate
Nama subordinate saya?,ask_subordinate
Subordinate saya siapa?,ask_subordinate
Siapa yang saya manage?,ask_subordinate
Minta list bawahan,ask_subordinate
subordinate,ask_subordinate
bawahan,ask_subordinate
bawahan saya siapa siapa aja,ask_subordinate
siapa saja bawahan saya,ask_subordinate
bawahan saya,ask_subordinate
list bawahan aku dong,ask_subordinate
data semua bawahan saya,ask_subordinate
tampilkan subordinate gw,ask_subordinate
informasi subordinate ya,ask_subordinate
info subordinate dong,ask_subordinate
aku supervisor siapa aja?,ask_subordinate
subordinate gw,ask_subordinate
siapa subordinate saya?,ask_subordinate
bosku,ask_supervisor
bosku siapa,ask_supervisor
atasanku,ask_supervisor
bos aing,ask_supervisor
bos saya,ask_supervisor
boss gua siapa,ask_supervisor
boss gue,ask_supervisor
boss gua,ask_supervisor
boss saya siapa,ask_supervisor
saya bawahannya siapa?,ask_supervisor
siapa sih atasan gw?,ask_supervisor
detail data atasan saya,ask_supervisor
detail data manager saya,ask_supervisor
data atasan saya,ask_supervisor
mau data manajer saya dong,ask_supervisor
siapa managerku?,ask_supervisor
tampilkan data managerku,ask_supervisor
tampilkan data supervisor aku,ask_supervisor
tolong tampilkan data manager saya,ask_supervisor
detail supervisor,ask_supervisor
siapa supervisor gw?,ask_supervisor
info supervisor saya dong,ask_supervisor
info supervisor gw dong,ask_supervisor
siapa supervisor saya?,ask_supervisor
tahun lalu umpnya berapa ya?,ask_ump
ump tahun depan,ask_ump
ump tahun ini,ask_ump
ump saya tahun 2011?,ask_ump
berapa ump saya tahun 2012?,ask_ump
ump tempat saya tahun 2014?,ask_ump
ump aku tahun 2016 dong,ask_ump
berapa ump aku tahun lalu?,ask_ump
upah minimum provinsi lokasi saya dong,ask_ump
berapa ump di kota ini?,ask_ump
nominal ump gue dong,ask_ump
nominal ump saya,ask_ump
berapa ump aku tahun ini?,ask_ump
ump tahun 2010 di tempat saya?,ask_ump
minta nilai ump dong,ask_ump
berapa ump di tempat saya?,ask_ump
upah minimum provinsi saya?,ask_ump
upah minimum di tempat saya?,ask_ump
ump saya?,ask_ump
ump di lokasi saya berapa ya?,ask_ump
masuk,register_user
login,register_user
mau mendaftar ya,register_user
saya mau mendaftar ya,register_user
mau melakukan pendaftaran,register_user
gimana caranya daftar?,register_user
tolong daftarkan saya,register_user
mau register dong,register_user
saya mau daftar dong,register_user
mau daftar dong,register_user
registrasi dong,register_user
register,register_user
daftar dong,register_user
daftar,register_user
gw mau daftar ya,register_user
Saya ingin mengganti akun saya,revoke_user
Saya ingin berhenti menggunakan chatbot,revoke_user
Saya ingin menghapus akses chatbot saya,revoke_user
Keluar aplikasi chatbot,revoke_user
mau log out donk,revoke_user
saya ingin revoke akses chatbot,revoke_user
change account,revoke_user
quit,revoke_user
exit,revoke_user
log out,revoke_user
keluar,revoke_user
logout,revoke_user
hapus user,revoke_user
revoke user,revoke_user
tolong hapus user saya,revoke_user
hapus akun,revoke_user
hapuskan user saya ya,revoke_user
revoke,revoke_user
hapus user dong,revoke_user
delete user,revoke_user
saya mau hapus user,revoke_user
hapus user saya,revoke_user
tidak,revoke_user_ask_confirmation
ga,revoke_user_ask_confirmation
ya,revoke_user_ask_confirmation
id perusahaan djarum,register_user_ask_tenant
id perusahaan saya djarum ya,register_user_ask_tenant
perusahaan saya catapa,register_user_ask_tenant
tobing nama perusahaan gw,register_user_ask_tenant
cutbray nama perusahaan gw,register_user_ask_tenant
bersamaKitaBisa nama perusahaanku,register_user_ask_tenant
catapa nama perusahaan saya,register_user_ask_tenant
catapa,register_user_ask_tenant
nama perusahaan saya comiKu,register_user_ask_tenant
djarum adalah perusahaan saya,register_user_ask_tenant
nama perusahaan gw djarum,register_user_ask_tenant
djarumLebihBaik,register_user_ask_tenant
tobing perusahaan saya,register_user_ask_tenant
nama perusahaan saya catapaDong,register_user_ask_tenant
tenant saya catapa,register_user_ask_tenant
wkwkwland nama perusahaan saya,register_user_ask_tenant
duolingo,register_user_ask_tenant
perusahaannya bernama duolingo,register_user_ask_tenant
id perusahaan catapa,register_user_ask_tenant
perusahaan idnya google,register_user_ask_tenant
perusahaan id nya microsoft,register_user_ask_tenant
id perusahaannya facebook,register_user_ask_tenant
glair perusahaannya,register_user_ask_tenant
perusahaan glair,register_user_ask_tenant
23233,register_user_ask_verification_code
ini tokennya 23212,register_user_ask_verification_code
44132,register_user_ask_verification_code
12313 tokennya,register_user_ask_verification_code
tokennya adalah 42069,register_user_ask_verification_code
80182 ini ya,register_user_ask_verification_code
mau kirim ulang kode verifikasi dong,register_user_resend_verification_code
mau kirim ulang kode dong,register_user_resend_verification_code
mau kirim ulang dong,register_user_resend_verification_code
mau kirim ulang kode,register_user_resend_verification_code
mau kirim ulang kode verifikasi,register_user_resend_verification_code
mau kirim ulang,register_user_resend_verification_code
kirim ulang kode ya,register_user_resend_verification_code
kirim ulang ya,register_user_resend_verification_code
saya tidak dapat kode verifikasi,register_user_resend_verification_code
bisa kirim ulang kode verifikasi?,register_user_resend_verification_code
resend kode verifikasi ya,register_user_resend_verification_code
resend kode verifikasi,register_user_resend_verification_code
kirim ulang kode verifikasi dong,register_user_resend_verification_code
kirim ulang kode dong,register_user_resend_verification_code
kirim ulang kode,register_user_resend_verification_code
kirim ulang dong,register_user_resend_verification_code
kirim ulang,register_user_resend_verification_code
coba kirim ulang kodenya dong,register_user_resend_verification_code
tolong kirim ulang ya,register_user_resend_verification_code
kirim ulang kode verifikasi,register_user_resend_verification_code
resend verification code,register_user_resend_verification_code
yup,thank_you
yuhuu,thank_you
yuhu,thank_you
yes,thank_you
siap,thank_you
setujuu,thank_you
setuju,thank_you
samasama,thank_you
masama,thank_you
kembali kasih,thank_you
terima kasih juga,thank_you
terima kasih kembali,thank_you
sama-sama,thank_you
trims,thank_you
sip,thank_you
ok,thank_you
oke,thank_you
thanks,thank_you
makasih banyak,thank_you
makasih,thank_you
thank you,thank_you
terima kasih,thank_you
